[
    {
        "question": "如何启用近光灯？",
        "answer": "滚轮旋转到该位置时，近光灯、前后位置灯和后牌照灯启用。",
        "reference": "page_82",
        "llm_answer": "滚轮 旋转 到 该 位置 时 ， 近光灯 、 前后 位置灯 和 后 牌照 灯启用 。",
        "llm_reference": "page_94"
    },
    {
        "question": "什么是驾驶辅助？",
        "answer": "结合给定的资料，无法回答问题。",
        "reference": "page_167",
        "llm_answer": "结合给定的资料，无法回答问题。",
        "llm_reference": "page_169"
    },
    {
        "question": "如果我长时间没有使用车辆，靠近解锁功能会自动关闭吗？",
        "answer": "如果车辆长期（约5天）没有使用，靠近解锁远离上锁系统可能会自动关闭。此时您需要使用其他方式（如遥控钥匙按键、无钥匙进入系统或机械钥匙等）解锁车门并重新开关车门后，即可恢复系统功能。",
        "reference": "page_41",
        "llm_answer": "是的，如果您长时间（约5天）没有使用车辆，靠近解锁远离上锁系统可能会自动关闭。此时您只需使用其他方式（如遥控钥匙按键、无钥匙进入系统或机械钥匙等）解锁车门并重新开关车门后，即可恢复系统功能。",
        "llm_reference": "page_41"
    },
    {
        "question": "车顶行李架的最大载荷是多少？",
        "answer": "车顶行李架的最大载荷是70kg。请勿在车顶上超载，或者超出经批准的满载质量。",
        "reference": "page_21",
        "llm_answer": "车顶行李架的最大载荷是70 kg。",
        "llm_reference": "page_21"
    },
    {
        "question": "在什么情况下LynkCo-Pilot会自动停用？",
        "answer": "LynkCo-Pilot会在以下情况下自动停用：\n- 车速超过130km/h。\n- 踩下油门踏板加速行驶超过15分钟。\n- 驾驶员解开安全带。\n- 挂入空挡（N）、倒挡（R）或驻车挡（P）。\n- 任意车门、前机舱盖或尾门被打开。\n- 启用EPB。\n- ABS被激活或故障。\n- HDC被激活或故障。\n- ESP被激活、关闭或故障。\n- 制动系统性能下降或故障。",
        "reference": "page_185",
        "llm_answer": "Lynk Co - Pilot 会在以下情况下自动停用：\n- 驾驶员解开安全带。\n- 挂入空挡（N）、倒挡（R）或驻车挡（P）。\n- 任意车门、前机舱盖或尾门被打开。\n- 启用 EPB。\n- ABS 被激活或故障。\n- HDC 被激活或故障。\n- ESP 被激活、关闭或故障。\n- 制动系统性能下降或故障。",
        "llm_reference": "page_181"
    },
    {
        "question": "在纯电模式下，什么情况下发动机会启动？",
        "answer": "在纯电模式下，当车辆在爬坡或需要加速或需深踩油门踏板时，发动机会启动，协助电机共同驱动车辆。此外，为避免发动机出现损伤，若长时间仅使用电机驱动车辆，系统也会强制启动发动机，行驶一段时间后才能再次切换为纯电模式。",
        "reference": "page_147",
        "llm_answer": "在纯电模式下，当车辆需要爬坡、加速或深踩油门踏板时，发动机会启动，协助电机共同驱动车辆。另外，为避免发动机出现损伤，如果您长时间仅使用电机驱动车辆，系统将强制启动发动机，行驶一段时间后，您才能再次切换为纯电模式。",
        "llm_reference": "page_147"
    },
    {
        "question": "在什么情况下智能远近光控制系统可能无法正常工作，需要手动切换远光灯和近光灯？",
        "answer": "- 使用二手市场或非Lynk&Co领克原装挡风玻璃。\n- 在大雾或大雨天气行驶。\n- 在风雪天气或泥泞道路上行驶。\n- 在明亮的月光下行驶。\n- 在冻雨天气下行驶。\n- 在灯光昏暗的街道上行驶。\n- 迎面车辆前雾灯亮起时。\n- 驾驶道路或邻近道路上有行人。\n- 道路附近存在标志牌等反光物。\n- 迎面车辆灯光被篱笆、灌木等遮挡。\n- 其他道路上有车辆行驶。\n- 在山顶或道路坑洼处行驶。\n- 在急转弯弯道上行驶。\n- 光线明暗对比不足（如：雾天或雨天）。",
        "reference": "page_85",
        "llm_answer": "智能远近光控制系统可能无法正常工作，需要手动切换远光灯和近光灯的情况包括：\n- 使用二手市场或非Lynk & Co领克原装挡风玻璃。\n- 在大雾或大雨天气行驶。\n- 在风雪天气或泥泞道路上行驶。\n- 在明亮的月光下行驶。\n- 在冻雨天气下行驶。\n- 在灯光昏暗的街道上行驶。\n- 光线明暗对比不足（如：雾天或雨天）。",
        "llm_reference": "page_85"
    },
    {
        "question": "什么是HDC？",
        "answer": "HDC是陡坡缓降系统。",
        "reference": "page_353",
        "llm_answer": "陡坡缓降系统（HDC）可以在车辆下坡时，主动对车辆进行控制，确保驾驶员能够匀速安全地驶下陡坡。",
        "llm_reference": "page_160"
    },
    {
        "question": "充电过程中，动力电池达到目标充电量时会怎样？",
        "answer": "充电过程中，若动力电池达到设置的目标充电量时，将自动停止充电。",
        "reference": "page_294",
        "llm_answer": "充电过程中，若动力电池达到设置的目标充电量时，将自动停止充电。",
        "llm_reference": "page_294"
    },
    {
        "question": "车辆的氛围灯有哪些特殊功能？",
        "answer": "- 开启离车欢送功能时，车辆熄火时氛围灯变成呼吸渐变熄灭效果。\n- 开启来电提醒功能时，车辆连接蓝牙电话有来电时，前排氛围灯变成蓝色闪烁效果。\n- 开启低燃油提醒功能时，若车辆可续航里程低于一定程度，氛围灯变成橘色呼吸效果。\n- 开启倒车雷达功能时，若车辆倒车预警，氛围灯变成红色闪烁效果。\n- 开启上车欢迎功能时，氛围灯变成呼吸渐变点亮效果。\n- 选择自定义模式时，可以在效果中设置氛围灯为单色、渐变或呼吸。",
        "reference": "page_94",
        "llm_answer": "车辆的氛围灯有以下特殊功能：\n- 开启离车欢送功能，车辆熄火时，氛围灯变成呼吸渐变熄灭效果。\n- 开启来电提醒功能，车辆连接蓝牙电话，有来电时，前排氛围灯变成蓝色闪烁效果。\n- 开启低燃油提醒功能，若车辆可续航里程低于一定程度时，氛围灯变成橘色呼吸效果。\n- 开启倒车雷达功能，若车辆倒车预警时，氛围灯变成红色闪烁效果。\n- 开启上车欢迎功能，氛围灯变成呼吸渐变点亮效果。\n- 选择自定义模式时，在效果中可以设置氛围灯为单色、渐变或呼吸。",
        "llm_reference": "page_92"
    },
    {
        "question": "在什么情况下自适应巡航系统（ACC）会自动退出？",
        "answer": "自适应巡航系统（ACC）会自动退出的情况包括：\n- 任意车门、前机舱盖或尾门被打开。\n- 驾驶员解开安全带。\n- 制动系统性能下降或故障。\n- 启用电子驻车制动器。\n- 车轮失去牵引力。\n- 车速超过设定速度，且持续时间超过设计时间。\n- 挡位切换至空挡（N）、倒挡（R）或驻车挡（P）。\n- ESP被激活、关闭或故障。\n- 风挡摄像头和前雷达区域被灰尘、雨水、冰、雪或其他污物遮盖。",
        "reference": "page_179",
        "llm_answer": "自适应巡航系统（ACC）会在以下情况下自动退出：\n- 任意车门、前机舱盖或尾门被打开。\n- 驾驶员解开安全带。\n- 制动系统性能下降或故障。\n- 启用电子驻车制动器。\n- 车轮失去牵引力。\n- 车速超过设定速度，且持续时间超过设计时间。",
        "llm_reference": "page_179"
    },
    {
        "question": "如何在白天和夜晚调节车辆的背光亮度？",
        "answer": "在白天，未开启整车背光联动时，转动调光旋钮仅调节开关背光亮度；开启整车背光联动时，转动调光旋钮可同时调节中央显示屏和开关背光的亮度。在夜晚，未开启整车背光联动时，转动调光旋钮可同时调节仪表显示屏和开关背光的亮度；开启整车背光联动时，转动调光旋钮可同时调节仪表显示屏、中央显示屏、开关背光的亮度。",
        "reference": "page_90",
        "llm_answer": "在白天和夜晚调节车辆的背光亮度，您可以使用调光旋钮进行调节：\n\n- 白天情况下，未开启整车背光联动时，转动调光旋钮仅调节开关背光亮度；开启整车背光联动时，转动调光旋钮可同时调节中央显示屏和开关背光的亮度。\n- 夜晚情况下，未开启整车背光联动时，转动调光旋钮可同时调节仪表显示屏和开关背光的亮度；开启整车背光联动时，转动调光旋钮可同时调节仪表显示屏、中央显示屏、开关背光的亮度。",
        "llm_reference": "page_90"
    },
    {
        "question": "当车身稳定控制系统关闭时，哪个指示灯会点亮？",
        "answer": "车身稳定控制系统关闭指示灯会点亮。",
        "reference": "page_70",
        "llm_answer": "车身 稳定 控制系统 关闭 指示灯 会 点亮。",
        "llm_reference": "page_75"
    },
    {
        "question": "如果尾门无法自动打开或关闭，应该怎么办？",
        "answer": "如果尾门无法自动打开或关闭，可以尝试手动打开并关闭尾门一次，以初始化尾门。如果初始化后尾门仍然无法自动打开或关闭，请联系Lynk&Co领克中心。",
        "reference": "page_35",
        "llm_answer": "请尝试手动打开并关闭尾门一次，以初始化尾门；若初始化后尾门仍旧无法自动打开或关闭，请联系Lynk & Co领克中心。",
        "llm_reference": "page_35"
    },
    {
        "question": "前大灯自动开启/关闭功能是如何工作的？",
        "answer": "前大灯自动开启/关闭功能通过雨量光线传感器监测外界环境光照强度。光线较暗时，此功能可以自动打开近光灯；光线充足时则自动关闭近光灯。",
        "reference": "page_84",
        "llm_answer": "前大灯自动开启/关闭功能通过雨量光线传感器监测外界环境光照强度。光线较暗时，此功能可以自动打开近光灯；光线充足时则自动关闭近光灯。雨量光线传感器位于前挡风玻璃上部。请勿遮挡雨量光线传感器，否则可能会导致前大灯自动开启/关闭功能及自动雨刮功能无法正常使用。",
        "llm_reference": "page_84"
    },
    {
        "question": "如何打开和关闭车辆的手套箱？",
        "answer": "打开手套箱：按下解锁按钮，手套箱会自动打开，手套箱灯也会点亮。关闭手套箱：推动手套箱中部直到卡合到位，手套箱灯随之熄灭。请注意，车辆行驶过程中，手套箱应保持关闭状态。",
        "reference": "page_25",
        "llm_answer": "打开：按下解锁按钮，手套箱自动打开。手套箱灯点亮。\n关闭：推动手套箱中部直到卡合到位，手套箱灯随之熄灭。",
        "llm_reference": "page_25"
    },
    {
        "question": "开门预警系统（DOW）在哪些情况下会启动？",
        "answer": "开门预警系统（DOW）在车辆静止或者行驶速度低于5km/h时启动，针对相邻两侧后方的交通状况进行检测。当开门存在潜在的碰撞风险时，系统将闪烁外后视镜指示灯及氛围灯并发出声音警告，以提醒驾驶员或乘客请勿开门以避免碰撞风险。",
        "reference": "page_46",
        "llm_answer": "开门预警系统（DOW）在车辆静止或者行驶速度低于5 km/h时启动，针对相邻两侧后方的交通状况进行检测。当开门存在潜在的碰撞风险时，系统将闪烁外后视镜指示灯及氛围灯并发出声音警告，提醒驾驶员或乘客请勿开门以避免碰撞风险。DOW仅在点火开关打开或车辆熄火后3分钟内工作。",
        "llm_reference": "page_47"
    },
    {
        "question": "如何通过语音助手控制车辆的空调功能？",
        "answer": "您可以通过语音助手对车辆的空调功能进行控制。您只需说出您的命令，系统就会帮您完成操作。",
        "reference": "page_126",
        "llm_answer": "您可以通过语音助手对车辆功能（例如：空调等）进行语音控制。只需说出您的命令，系统就会帮您完成操作。使用语音命令时，请遵循以下几点：\n- 发出命令时，以常速和正常的语调说话。\n- 口齿清楚，避免使用俚语。\n- 使用语音助手时，应保持车内安静。",
        "llm_reference": "page_126"
    },
    {
        "question": "什么是CMSR？",
        "answer": "CMSR是后方碰撞预警系统的缩略语。",
        "reference": "page_352",
        "llm_answer": "CMSR 是后方碰撞预警系统。",
        "llm_reference": "page_352"
    },
    {
        "question": "当车辆遇到交通事故或其他紧急情况时，应如何启用危险警告灯？",
        "answer": "车辆遇到交通事故或其他紧急情况时，应按下危险警告灯按键以启用危险警告灯。此外，在发生碰撞的情况下，危险警告灯也将自动点亮。",
        "reference": "page_89",
        "llm_answer": "车辆遇到交通事故或其他紧急情况时，按下危险警告灯按键，启用危险警告灯。发生碰撞情况下，危险警告灯也将自动点亮。",
        "llm_reference": "page_89"
    },
    {
        "question": "在冬季使用雨刮前应该注意什么？",
        "answer": "在冬季使用雨刮前，请先清除挡风玻璃上的冰和积雪并确认雨刮片没有冻结在挡风玻璃上。",
        "reference": "page_63",
        "llm_answer": "在冬季使用雨刮前，应该先清除挡风玻璃上的冰和积雪并确认雨刮片没有冻结在挡风玻璃上。",
        "llm_reference": "page_63"
    },
    {
        "question": "驾驶前需要做哪些准备工作？",
        "answer": "结合给定的资料，无法回答问题。",
        "reference": "page_49",
        "llm_answer": "驾驶前需要做以下准备工作：\n- 确保所有车灯和转向指示灯工作正常。\n- 确保所有轮胎压力处于正常范围内。\n- 确保所有车窗玻璃干净、清晰度高。\n- 确保驾驶员座椅、方向盘和后视镜已调节至正确位置。\n- 确保仪表无警告灯点亮或故障警告信息。\n- 确保无物品妨碍踏板行程。\n- 确保所有装运的物件已固定到位。\n- 确保轮胎充气压力准确，可以降低车轮的滚动阻力。\n- 清理车辆上不必要的、会增加车辆载重的东西。\n- 定期维护车辆，保持发动机效率，确保使用正确的发动机机油。",
        "llm_reference": "page_17"
    },
    {
        "question": "主驾座椅迎宾功能如何设置？",
        "answer": "在中央显示屏中点击 -座舱体验-座椅，进入座椅设置界面，设置主驾座椅迎宾。",
        "reference": "page_45",
        "llm_answer": "在中央显示屏中点击 - 座舱体验 - 座椅 ，进入座椅设置界面，设置主驾座椅迎宾。点击开启 / 关闭 主驾座椅迎宾功能。若驾驶员将座椅位置调整得很靠后时，主驾座椅迎宾功能将自动停用。",
        "llm_reference": "page_45"
    },
    {
        "question": "在寒冷天气下，使用蓝牙钥匙解锁Lynk&Co车辆时需要注意什么？",
        "answer": "在寒冷天气下，解锁Lynk&Co车辆前应清除车门外把手区域的冰雪，以避免影响车门外把手的正常工作。",
        "reference": "page_283",
        "llm_answer": "在寒冷天气下，使用蓝牙钥匙解锁 Lynk & Co 车辆时需要注意清除车门外把手区域的冰雪，以避免影响车门外把手正常工作。",
        "llm_reference": "page_283"
    },
    {
        "question": "组合仪表中的燃油量表和剩余燃油可续航里程分别显示什么信息？",
        "answer": "组合仪表中的燃油量表显示油箱中剩余的燃油油位，剩余燃油可续航里程显示剩余燃油可行驶的距离。",
        "reference": "page_69",
        "llm_answer": "燃油量表显示油箱中剩余的燃油油位。剩余燃油可续航里程显示剩余燃油可行驶的距离。",
        "llm_reference": "page_69"
    },
    {
        "question": "在技术资料中，\"Ah\"代表什么？",
        "answer": "Ah代表安时。",
        "reference": "page_354",
        "llm_answer": "Ah 代表 安时。",
        "llm_reference": "page_354"
    },
    {
        "question": "当车辆在陡坡上低速下坡行驶时，HDC会在什么条件下激活？",
        "answer": "当车速在0–40km/h的范围内，且车辆在陡坡上低速下坡行驶时，HDC才会激活。",
        "reference": "page_161",
        "llm_answer": "当车辆在陡坡上低速下坡行驶时，且车速在0 – 40km/h的范围内，HDC才会激活。",
        "llm_reference": "page_161"
    },
    {
        "question": "在低温环境下，动力电池会出现什么情况？",
        "answer": "在低温环境下，动力电池可能会出现充电效率下降或无法充电的情况。",
        "reference": "page_293",
        "llm_answer": "在低温环境下，动力电池可能会出现充电效率下降或无法充电的情况。",
        "llm_reference": "page_296"
    },
    {
        "question": "当车辆处于解锁状态时，如何打开电动尾门？",
        "answer": "当车辆处于解锁状态时，轻按尾门下部的开启按键，尾门将自动打开。",
        "reference": "page_32",
        "llm_answer": "当车辆处于解锁状态时，轻按尾门下部的开启按键，尾门将自动打开。",
        "llm_reference": "page_32"
    },
    {
        "question": "什么是Lynk & Co App？",
        "answer": "结合给定的资料，无法回答问题。",
        "reference": "page_279",
        "llm_answer": "结合给定的资料，无法回答问题。",
        "llm_reference": "page_281"
    },
    {
        "question": "如何在车内设置氛围灯？",
        "answer": "在中央显示屏中点击 -座舱体验-氛围灯，进入氛围灯设置界面。然后，点击开启/关闭氛围灯功能，再点击开启/关闭氛围灯模式。",
        "reference": "page_92",
        "llm_answer": "在中央显示屏中点击 - 座舱体验 - 氛围灯，进入氛围灯设置界面。您可以进行以下设置：\n1. 开启 / 关闭氛围灯功能。\n2. 开启 / 关闭氛围灯模式。\n3. 设置氛围灯模式。\n4. 设置氛围灯效果。\n5. 设置车内氛围区域位置。\n6. 调节选中区域的氛围灯颜色和亮度。",
        "llm_reference": "page_92"
    },
    {
        "question": "当防抱死制动系统工作时，驾驶者会感受到什么？",
        "answer": "当防抱死制动系统工作时，驾驶者会感觉到机舱传来连续“咯咯”的声音，同时感受到制动踏板传来的振动。这是正常现象，而不是故障。",
        "reference": "page_166",
        "llm_answer": "当防抱死制动系统工作时，驾驶者会感觉到机舱传来连续“咯咯”的声音，同时感受到制动踏板传来的振动。这是防抱死制动系统工作时引起的正常现象，而不是故障。",
        "llm_reference": "page_157"
    },
    {
        "question": "如何使用Lynk&Co App解锁尾门？",
        "answer": "登录Lynk&Co App，找到并按下解锁尾门图标，即可解锁尾门。",
        "reference": "page_33",
        "llm_answer": "登录 Lynk & Co App，按下解锁尾门图标可以解锁尾门。",
        "llm_reference": "page_33"
    },
    {
        "question": "如果某侧车门未关闭，是否可以锁止车辆和开启防盗系统？",
        "answer": "如果某侧车门未关闭，则不能锁止车辆和开启防盗系统。",
        "reference": "page_48",
        "llm_answer": "如果某侧车门未关闭，则不能锁止车辆和开启防盗系统。",
        "llm_reference": "page_48"
    },
    {
        "question": "如何正确清洁安全带？",
        "answer": "请使用安全带专用清洁剂和海绵来清洁安全带，并将安全带置于阴凉处彻底干燥后再使用。切勿使用漂白剂、染料或化学溶剂清洁安全带，这些材料可能严重削弱安全带的织物性能。",
        "reference": "page_100",
        "llm_answer": "请使用安全带专用清洁剂和海绵来清洁安全带。请将安全带置于阴凉处彻底干燥后再使用。切勿使用漂白剂、染料或化学溶剂清洁安全带。这些材料可能严重削弱安全带的织物性能。",
        "llm_reference": "page_100"
    },
    {
        "question": "如何在Lynk&CoApp中删除蓝牙钥匙？",
        "answer": "在Lynk&CoApp的钥匙管理界面，向左滑动需要删除的蓝牙钥匙，然后点击删除按键，即可删除此钥匙。",
        "reference": "page_282",
        "llm_answer": "在 Lynk & Co App 钥匙管理界面，向左滑动需要删除的蓝牙钥匙，点击删除按键，删除此钥匙。",
        "llm_reference": "page_282"
    },
    {
        "question": "开门预警系统在哪些情况下可能无法正常工作？",
        "answer": "\n- 对于车速过快的车辆。\n- 对于较小的目标。\n- 对于静止或缓慢行驶的目标。\n- 在下雨或者下雪等恶劣环境时。\n- 在急转弯、下坡路、车道很窄或很宽时。",
        "reference": "page_47",
        "llm_answer": "在某些情况下，开门预警系统（DOW）可能无法正常工作：\n- 对于车速过快的车辆。\n- 对于较小的目标。\n- 对于静止或缓慢行驶的目标。\n- 在下雨或者下雪等恶劣环境时。",
        "llm_reference": "page_47"
    },
    {
        "question": "驾驶员状态监测系统如何检测和提醒驾驶员疲劳驾驶？",
        "answer": "驾驶员状态监测系统通过驾驶员状态检测摄像头检测驾驶员的状态。如果系统判断驾驶员处于疲劳驾驶状态，会发出声音或视觉信号提醒驾驶员。",
        "reference": "page_196",
        "llm_answer": "驾驶员状态监测系统通过驾驶员状态检测摄像头检测驾驶员状态，如果判断驾驶员处于疲劳驾驶时会发出声音或视觉信号提醒驾驶员，确保驾驶安全。当驾驶员轻微疲劳时，仪表显示屏显示白色指示灯，并通过文字提醒驾驶员。",
        "llm_reference": "page_196"
    },
    {
        "question": "前方交叉路口预警系统（FCTA）如何工作？",
        "answer": "当车速处于4-15km/h范围内，车辆驶出停车位或经过交叉路口时，前方交叉路口预警系统（FCTA）会监测前方是否存在侧向碰撞的风险。如果监测到存在风险，系统将通过仪表提示信息和蜂鸣声提醒驾驶员注意观察前方道路情况，从而降低发生前方侧向碰撞的风险。",
        "reference": "page_197",
        "llm_answer": "前方交叉路口预警系统（FCTA）在车辆以4-15 km/h的速度行驶，尤其是在驶出停车位或经过交叉路口时，会监测前方侧向的潜在碰撞风险。如果系统检测到存在碰撞风险，将通过仪表显示信息和蜂鸣声提醒驾驶员注意观察前方道路情况，以降低发生前方侧向碰撞的风险。",
        "llm_reference": "page_197"
    },
    {
        "question": "泊车紧急制动（PEB）如何工作？",
        "answer": "泊车紧急制动（PEB）通过泊车辅助传感器和泊车辅助摄像头对车辆周围的行人或静止的物体进行探测，当存在碰撞风险时，PEB会对车辆进行紧急制动，并发出视觉和声音提示。",
        "reference": "page_228",
        "llm_answer": "泊车紧急制动（PEB）通过泊车辅助传感器和泊车辅助摄像头对车辆周围的行人或静止的物体进行探测，当存在碰撞风险时，PEB对车辆进行紧急制动，并发出视觉和声音提示。",
        "llm_reference": "page_228"
    },
    {
        "question": "陡坡缓降系统（HDC）的功能是什么？",
        "answer": "陡坡缓降系统（HDC）的功能是在车辆下坡时，主动对车辆进行控制，确保驾驶员能够匀速安全地驶下陡坡。",
        "reference": "page_160",
        "llm_answer": "陡坡缓降系统（HDC）可以在车辆下坡时，主动对车辆进行控制，确保驾驶员能够匀速安全地驶下陡坡。",
        "llm_reference": "page_160"
    },
    {
        "question": "什么是安全出行？",
        "answer": "结合给定的资料，无法回答问题。",
        "reference": "page_97",
        "llm_answer": "结合给定的资料，无法回答问题。",
        "llm_reference": "page_100"
    },
    {
        "question": "如何通过Lynk&Co App控制前排座椅通风？",
        "answer": "通过登录Lynk&Co App，点击前排座椅通风图标，可以打开或关闭前排座椅通风。",
        "reference": "page_117",
        "llm_answer": "登录 Lynk & Co App，按下打开 / 关闭前排座椅通风图标可以控制前排座椅通风。",
        "llm_reference": "page_117"
    },
    {
        "question": "如何通过中央显示屏调节副驾驶座椅的位置和靠背角度？",
        "answer": "在中央显示屏中点击 -座舱体验-座椅，进入座椅设置界面。选择副驾驶员座椅，然后点击需要调节的座椅功能按键（靠背、座椅位置等）来调整副驾驶座椅的位置和靠背角度。",
        "reference": "page_113",
        "llm_answer": "在中央显示屏中点击 - 座舱体验 - 座椅，进入座椅设置界面。选择副驾驶座椅，点击需要调节的座椅功能按键（靠背、座椅位置等）。向前/后拨动控制按钮，调节座椅前后位置。向前/后拨动控制按钮，调节座椅靠背角度。",
        "llm_reference": "page_113"
    },
    {
        "question": "什么是OTA升级？",
        "answer": "结合给定的资料，无法回答问题。",
        "reference": "page_323",
        "llm_answer": "结合给定的资料，无法回答问题。",
        "llm_reference": "page_6"
    },
    {
        "question": "在驾驶前的准备中，如何调整方向盘的位置？",
        "answer": "1. 向下推锁定杆，以便松开方向盘。\n2. 将方向盘调整至适合您的位置。\n3. 向上推锁定杆，将方向盘锁止到位。\n4. 尝试向上、下、前和后移动方向盘，确保您已经牢牢锁止方向盘。",
        "reference": "page_59",
        "llm_answer": "1. 向下推锁定杆，以便松开方向盘。\n2. 将方向盘调整至适合您的位置。\n3. 向上推锁定杆，将方向盘锁止到位。\n4. 尝试向上、下、前和后移动方向盘。确保您已经牢牢锁止方向盘。",
        "llm_reference": "page_60"
    },
    {
        "question": "通过Lynk&CoApp可以实现哪些远程控制功能？",
        "answer": "通过Lynk&CoApp可以实现以下远程控制功能：\n- 解锁/锁止车辆\n- 查询车辆位置\n- 开启车辆闪灯鸣笛或闪灯功能\n- 解锁/锁止尾门\n- 查看和控制车窗打开/关闭\n- 查看和控制天窗打开/关闭\n- 开启/关闭空调，设置空调温度\n此外，还可以创建和删除蓝牙钥匙，通过蓝牙钥匙在有效操作距离内控制车辆。",
        "reference": "page_281",
        "llm_answer": "通过 Lynk & Co App 可以实现以下远程控制功能：\n- 控制车窗打开/关闭\n- 控制天窗打开/关闭\n- 开启/关闭空调\n- 设置空调温度\n- 远程查询车辆状况\n- 通过蓝牙钥匙启动车辆\n- 远程启动发动机",
        "llm_reference": "page_281"
    },
    {
        "question": "当胎压低报警被激活时，驾驶者会看到和听到哪些提示？",
        "answer": "当胎压低报警被激活时，对应报警轮胎开始闪烁，胎压监测系统状态指示灯持续点亮直到报警消除，伴有声音报警，同时仪表显示屏会弹出提示信息。",
        "reference": "page_62",
        "llm_answer": "当胎压低报警被激活时，驾驶者会看到对应报警轮胎开始闪烁，胎压监测系统状态指示灯持续点亮，同时仪表显示屏弹出提示信息。此外，驾驶者还会听到声音报警。",
        "llm_reference": "page_62"
    },
    {
        "question": "在汽车的前排储物空间中，有哪些具体的储物位置？",
        "answer": "遮阳板上的卡片/票据夹、手套箱、车门存储空间、眼镜盒、前副仪表台、前排中央扶手储物箱以及前副仪表台侧网兜。",
        "reference": "page_22",
        "llm_answer": "汽车的前排储物空间包括以下具体储物位置：\n- 遮阳板上的卡片/票据夹\n- 手套箱\n- 车门存储空间\n- 眼镜盒\n- 前副仪表台\n- 前排中央扶手储物箱\n- 前副仪表台侧网兜",
        "llm_reference": "page_24"
    },
    {
        "question": "如何在中央显示屏中调整语音助手的音量？",
        "answer": "您可以在中央显示屏中点击“我的AI助手-语音”，进入语音设置界面，然后拖动进度条来调整语音助手的音量。",
        "reference": "page_127",
        "llm_answer": "在中央显示屏中点击 - 我的 AI 助手 - 语音，进入语音设置界面，拖动进度条来调整语音助手音量。",
        "llm_reference": "page_127"
    },
    {
        "question": "如何正确地系紧安全带？",
        "answer": "正确地系紧安全带的步骤如下：\n1. 调节座椅到合适位置。\n2. 缓慢拉出安全带，将锁舌插入锁扣中，直到听见“咔哒”声。\n3. 使腰部安全带应尽可能低的横跨于胯部。\n4. 确保肩部安全带斜跨整个肩部，穿过胸部。\n5. 捏住调节机构，上下调节安全带高度至合适位置。\n6. 乘坐时，安全带必须拉紧，防止松垮，并确保其牢固贴身，无扭曲。\n7. 切勿将安全带从您的后背绕过、从您的胳膊下面绕过或绕过您的颈部。安全带应远离您的面部和颈部，但不得从肩部滑落。",
        "reference": "page_101",
        "llm_answer": "1. 调节座椅到合适位置。\n2. 缓慢拉出安全带，将锁舌插入锁扣中，直到听见“咔哒”声。\n3. 使腰部安全带应尽可能低的横跨于胯部。\n4. 确保肩部安全带斜跨整个肩部，穿过胸部。\n5. 将前排座椅安全带高度调整至合适的位置。捏住调节机构，上下调节安全带高度至合适位置。\n6. 请在系紧安全带前检查锁扣插口是否存在异物，若存在异物请取出。\n7. 为确保安全带正常工作，请务必将其插入与之匹配的锁扣中。\n8. 乘坐时，安全带必须拉紧，防止松垮，并确保其牢固贴身，无扭曲。",
        "llm_reference": "page_101"
    },
    {
        "question": "如何调节雨刮刮刷速度？",
        "answer": "旋转雨刮拨杆上的滚轮，可以调节雨刮刮刷速度。向上旋转滚轮，增加自动雨刷灵敏度；向下旋转滚轮，降低自动雨刷灵敏度。",
        "reference": "page_64",
        "llm_answer": "旋转雨刮拨杆上的滚轮，可以调节雨刮刮刷速度。向上旋转滚轮，增加自动雨刷灵敏度；向下旋转滚轮，降低自动雨刷灵敏度。",
        "llm_reference": "page_64"
    },
    {
        "question": "全自动泊车（APA）如何辅助驾驶员泊车？",
        "answer": "全自动泊车（APA）通过环视摄像头和超声波传感器检测地面划线车位或两车间隔的车位，辅助驾驶员泊入或泊出停车位。",
        "reference": "page_230",
        "llm_answer": "全自动泊车（APA）通过环视摄像头和超声波传感器检测地面划线车位或两车间隔的车位，辅助驾驶员泊入或泊出停车位。驾驶员需要点击“开始泊车”或“开始泊出”按键，选择使用APA。依据中央显示屏提示信息，松开方向盘和制动踏板，APA将控制车速和转向，辅助驾驶员泊入或泊出停车位。自动泊入完成后，中央显示屏会显示泊车完成信息。",
        "llm_reference": "page_230"
    },
    {
        "question": "LynkCo-Pilot在哪些情况下可能会性能下降或无法正常工作？",
        "answer": "在以下情况或道路环境下，LynkCo-Pilot的性能会下降或无法正常工作，驾驶员需保持警觉：\n- 车道线不可见的道路。\n- 分岔路口道路。\n- 有车辆印记（如轮胎印）的道路。\n- 原车道与新车道之间存在较大的偏差道路。\n- 坑洼、突起、起伏路面。\n- 施工道路。\n- 超宽和超窄的道路。\n- 车道线拐折的道路。\n- 弯道过小的道路（如：匝道、环山路等）。\n- 十字路口或岔路口。\n- 车道线破损、不清晰的路面。\n- 驾驶员主动控制车辆。",
        "reference": "page_192",
        "llm_answer": "Lynk Co - Pilot 的性能在以下情况或道路环境下会下降或无法正常工作，驾驶员需保持警觉：\n\n- 车道线不可见的道路。\n- 分岔路口道路。\n- 有车辆印记（如轮胎印）的道路。\n- 原车道与新车道之间存在较大偏差的道路。\n- 坑洼、突起、起伏路面。\n- 施工道路。\n- 超宽和超窄的道路。\n- 驶入和驶出弯道时，目标的选择有可能延迟或受到干扰，可能造成不预期的制动或制动过晚。\n- 在急转弯道路上，例如蛇形道路上，由于中距离雷达视野限制，系统无法正常探测到前车，可能导致车辆加速。",
        "llm_reference": "page_192"
    },
    {
        "question": "当机舱盖、车门或尾门未关闭或安全带未系时，组合仪表会如何提醒？",
        "answer": "当机舱盖、车门或尾门未关闭或安全带未系时，仪表显示屏将红色高亮显示未关闭的机舱盖、车门或尾门，以及未系安全带的座椅。",
        "reference": "page_80",
        "llm_answer": "当机舱盖、车门或尾门未关闭或安全带未系时，仪表显示屏将红色高亮显示未关闭的机舱盖、车门、尾门或未系安全带的座椅。",
        "llm_reference": "page_80"
    },
    {
        "question": "中控锁锁止时，解锁尾门后，如果45秒内未打开尾门会发生什么？",
        "answer": "中控锁锁止时，解锁尾门后，如果45秒内未打开尾门，尾门将自动重新锁止。",
        "reference": "page_31",
        "llm_answer": "尾门将自动重新锁止。",
        "llm_reference": "page_31"
    },
    {
        "question": "大灯随动转向功能如何工作？",
        "answer": "大灯随动转向功能根据车速和方向盘转角智能调节近光灯照射角度，在车辆转弯过程中，可以提高更好的弯道视野。",
        "reference": "page_86",
        "llm_answer": "大灯随动转向功能根据车速和方向盘转角智能调节近光灯照射角度，在车辆转弯过程中，可以提高更好的弯道视野。此功能仅在满足以下条件后启用：在黄昏或夜间驾驶、车速高于10 km/h、开启近光灯或远光灯。",
        "llm_reference": "page_86"
    },
    {
        "question": "前排头枕在车辆安全系统中起什么作用？",
        "answer": "前排头枕是车辆安全系统的补充装置，可以作为颈椎撞击保护系统的一部分，在某些碰撞事故中提供额外保护，防止人员受伤。",
        "reference": "page_118",
        "llm_answer": "前排头枕是车辆安全系统的补充装置。在某些碰撞事故中，头枕可以提供额外保护，防止人员受伤。前排头枕为整体式头枕，该头枕为颈椎撞击保护系统的一部分。",
        "llm_reference": "page_118"
    },
    {
        "question": "上车和下车指的是什么？",
        "answer": "结合给定的资料，无法回答问题。",
        "reference": "page_37",
        "llm_answer": "上车 和 下车 指 的 是 乘客 进入 车辆 内部 并 关闭 车门 ， 以及 从 车辆 内部 打开 车门 离开 车辆 的 过程 。",
        "llm_reference": "page_47"
    },
    {
        "question": "制动液的类型是什么，为什么需要定期更换？",
        "answer": "制动液的类型是DOT4。制动液需要定期更换以保证制动系统的效率，建议在Lynk&Co领克中心进行更换。",
        "reference": "page_351",
        "llm_answer": "制动液的类型是DOT 4。需要定期更换制动液，以保证制动系统的效率。建议在Lynk & Co领克中心更换制动液。特别是在恶劣的行驶条件下，如频繁制动、在山区行驶或极冷极热条件下行驶，应增加更换频率。",
        "llm_reference": "page_351"
    },
    {
        "question": "在什么情况下，P挡会自动启用？",
        "answer": "P挡会自动启用的条件是：发动机在运转，车辆处于静止状态，驾驶员侧车门开启，驾驶员安全带松开，并且没有踩下任何踏板。",
        "reference": "page_146",
        "llm_answer": "P 挡会自动启用的情况如下：\n- 车辆处于静止状态。\n- 驾驶员侧车门开启。\n- 驾驶员安全带松开。\n- 没有踩下任何踏板。",
        "llm_reference": "page_146"
    },
    {
        "question": "车辆的前挡风玻璃是否可以透过微波？",
        "answer": "车辆的前挡风玻璃均可以透过微波。",
        "reference": "page_348",
        "llm_answer": "可以。车辆的前挡风玻璃均可以透过微波。",
        "llm_reference": "page_348"
    },
    {
        "question": "当车辆静止时，如果尾门在关闭过程中触碰到障碍物，尾门会如何反应？",
        "answer": "当车辆静止时，如果尾门在关闭过程中触碰到障碍物，尾门将停止关闭并打开至设置的开启位置，同时伴有长鸣音。",
        "reference": "page_34",
        "llm_answer": "当车辆静止时，如果尾门在关闭过程中触碰到障碍物，尾门将停止关闭并打开至设置的开启位置，同时伴有长鸣音。",
        "llm_reference": "page_34"
    },
    {
        "question": "在驾驶前的准备中，如何调出语音助手功能？",
        "answer": "在驾驶前的准备中，短按方向盘上的“语音控制”按键，可以调出语音助手功能。",
        "reference": "page_56",
        "llm_answer": "您可以点击中央显示屏上的人物图标，唤起语音助手功能。您还可以通过按下方向盘右侧键盘上的按键，或者说出唤醒词，等待系统发出提示音。",
        "llm_reference": "page_126"
    },
    {
        "question": "MR6453DCHEV02车型的最大设计车速和最大爬坡度是多少？",
        "answer": "MR6453DCHEV02车型的最大设计车速为200 km/h，最大爬坡度为40%。",
        "reference": "page_350",
        "llm_answer": "MR6453DCHEV02 车型的最大设计车速为 200 km/h，最大爬坡度为 40%。",
        "llm_reference": "page_350"
    },
    {
        "question": "变道警示系统（LCW）在什么情况下会启动警示？",
        "answer": "变道警示系统（LCW）在驾驶员打开转向灯时，若变道车道有其他车辆快速靠近，系统将通过闪烁警示灯、蜂鸣声音且仪表显示红色报警画面警示驾驶员，避免事故发生。",
        "reference": "page_209",
        "llm_answer": "当驾驶员打开转向灯时，若变道车道有其他车辆快速靠近，系统将通过闪烁警示灯、蜂鸣声音且仪表显示红色报警画面警示驾驶员，避免事故发生。",
        "llm_reference": "page_209"
    },
    {
        "question": "MR6453DCHEV02车型的前轴和后轴最大轴荷分别是多少？",
        "answer": "MR6453DCHEV02车型的前轴最大轴荷为1214kg，后轴最大轴荷为1116kg。",
        "reference": "page_349",
        "llm_answer": "MR6453DCHEV02 车型的前轴最大轴荷为 1214 kg，后轴最大轴荷为 1116 kg。",
        "llm_reference": "page_349"
    },
    {
        "question": "中央扶手箱内的USB接口有哪些类型，它们各自的功能是什么？",
        "answer": "中央扶手箱内设置有两个USB接口，分别是TypeA和TypeC。TypeA接口支持数据传输和充电，可用于手机/U盘及平板等智能设备与车机的数据传输，也可为智能设备充电。TypeC接口主要用于为手机/平板等智能设备充电。",
        "reference": "page_136",
        "llm_answer": "中央扶手箱内设置有两个USB接口。Type A接口支持数据传输和充电，可用于手机/U盘及平板等智能设备与车机的数据传输，也可为智能设备充电。Type C接口能为手机/平板等智能设备充电。",
        "llm_reference": "page_136"
    },
    {
        "question": "动力电池电量低时，哪个指示灯会点亮？",
        "answer": "动力电池电量低指示灯会点亮。",
        "reference": "page_71",
        "llm_answer": "动力 电池电量 低 指示灯 会 点亮 。",
        "llm_reference": "page_71"
    },
    {
        "question": "如何设置驾驶员座椅位置记忆功能？",
        "answer": "您可以先将驾驶员座椅/外后视镜调节到需要储存的位置，然后点击中央显示屏 - 座舱体验 - 座椅界面，设置座椅位置记忆功能。",
        "reference": "page_54",
        "llm_answer": "您可以先把驾驶员座椅调节到需要储存的位置，再点击中央显示屏 - 座舱体验 - 座椅界面，设置座椅位置记忆功能。具体步骤如下：\n\n1. 选择“位置一” / “位置二” / “位置三”按键。\n2. 点击“保存”按键，存储驾驶员座椅记忆位置。\n3. 如需恢复，点击“恢复”按键，驾驶员座椅将移动至已存储的记忆位置。\n\n警告：车辆行驶时，请勿使用驾驶员位置记忆功能。\n注意：请勿阻碍座椅移动，否则可能导致座椅损坏。",
        "llm_reference": "page_53"
    },
    {
        "question": "在使用Lynk&Co APP远程查询车辆状况时，可以查看哪些信息？",
        "answer": "轮胎胎压、剩余油量、剩余电量、可续航里程、车内温度和车辆位置。",
        "reference": "page_17",
        "llm_answer": "在使用 Lynk & Co APP 远程查询车辆状况时，可以查看以下信息：\n- 轮胎胎压\n- 剩余油量\n- 剩余电量\n- 可续航里程\n- 车内温度\n- 车辆位置",
        "llm_reference": "page_17"
    },
    {
        "question": "影响遥控钥匙操作的因素有哪些？",
        "answer": "影响遥控钥匙操作的因素包括：\n- 车辆位置靠近无线电塔/电视塔或发电站等存在无线干扰的环境。\n- 车辆周围存在无线设备，如发射机或无线电广播设备。\n- 遥控钥匙接触金属材料或被金属材料覆盖。\n- 钥匙靠近计算机、手机、无线鼠标等存在干扰的设备。\n- 钥匙电量低。",
        "reference": "page_42",
        "llm_answer": "影响遥控钥匙操作的因素包括：\n- 车辆位置靠近无线电塔、电视塔或发电站等存在无线干扰的环境。\n- 车辆周围存在无线设备，如发射机或无线电广播设备。\n- 遥控钥匙接触金属材料或被金属材料覆盖。\n- 钥匙靠近计算机、手机、无线鼠标等存在干扰的设备。\n- 钥匙电量低。",
        "llm_reference": "page_42"
    },
    {
        "question": "360°全景影像系统可以通过哪些方式开启？",
        "answer": "360°全景影像系统可以通过以下方式开启：\n- 点击中央显示屏导航栏上的图标。\n- 在中央显示屏中先点击图标，然后再点击360°全景图标。\n- 通过语音助手启用。\n- 在自动泊车界面点击图标。\n- 车辆处于静止状态挂入倒挡（R）。",
        "reference": "page_226",
        "llm_answer": "360 ° 全景 影像 可以 通过 以下 方式 开启：\n- 点击 中央 显示屏 导航 栏上 的 360 ° 全景 图标。\n- 在 中央 显示屏 中先 点击 泊车 辅助 图标， 然后 再 点击 360 ° 全景 图标。\n- 通过 语音 助手 启用。\n- 在 自动 泊车 界面 点击 360 ° 全景 图标。\n- 车辆 处于 静止 状态 挂入 倒 挡 （ R ）。",
        "llm_reference": "page_226"
    },
    {
        "question": "如何使用中央显示屏调节驾驶员座椅？",
        "answer": "在中央显示屏中点击 -座舱体验-座椅，进入座椅设置界面，然后根据需要调节座椅的各项功能。",
        "reference": "page_51",
        "llm_answer": "在中央显示屏中点击 - 座舱体验 - 座椅，进入座椅设置界面。选择驾驶员座椅，点击需要调节的座椅功能按键（靠背、座椅位置等）。点击相应的指示箭头，调节选择的座椅功能。",
        "llm_reference": "page_51"
    },
    {
        "question": "领克提供的紧急道路救援服务中，如果车辆抛锚且无法继续安全行驶，救援会如何处理？",
        "answer": "如果您的领克车辆因为机械或电子故障抛锚且不能继续安全行驶，紧急道路救援会派出专用拖车将您的爱车运送到最近的Lynk&Co领克中心处以妥善解决问题。",
        "reference": "page_332",
        "llm_answer": "领克提供的紧急道路救援服务中，如果车辆抛锚且无法继续安全行驶，救援会派出专用拖车将您的爱车运送至最近的Lynk & Co领克中心进行妥善处理。如果救援车辆因特定条件无法到达您的位置，救援中心会引导您处理相关事宜。部分情况下，您需要支付从领克中心至施救地单程距离的部分费用。",
        "llm_reference": "page_332"
    },
    {
        "question": "在车辆的中央显示屏中如何进入方向盘设置界面？",
        "answer": "在中央显示屏中点击 -座舱体验-方向盘，即可进入方向盘设置界面。",
        "reference": "page_58",
        "llm_answer": "在中央显示屏中点击 - 座舱体验 - 方向盘，进入方向盘设置界面。",
        "llm_reference": "page_58"
    },
    {
        "question": "当车辆的安全气囊或安全带预紧器触发时，会自动激活什么功能？",
        "answer": "当车辆的安全气囊或安全带预紧器触发时，会自动激活SOS功能，并传送信号至Lynk&Co领克客户联络中心。",
        "reference": "page_331",
        "llm_answer": "当车辆的安全气囊或安全带预紧器触发时，会自动激活SOS功能。",
        "llm_reference": "page_331"
    },
    {
        "question": "发生碰撞事故时，安全带的作用是什么？",
        "answer": "发生碰撞事故时，正确佩戴安全带可以降低人员伤害，保护乘员头部和胸部免受损伤。",
        "reference": "page_99",
        "llm_answer": "发生碰撞事故时，正确佩戴安全带可以降低人员伤害，保护乘员头部和胸部免受损伤。",
        "llm_reference": "page_99"
    },
    {
        "question": "在冬季使用雨刮前需要做哪些准备工作？",
        "answer": "在冬季使用雨刮前，需要先清除挡风玻璃上的冰和积雪，并确认雨刮片没有冻结在挡风玻璃上。",
        "reference": "page_65",
        "llm_answer": "在冬季使用雨刮前，需要先清除挡风玻璃上的冰和积雪，并确认雨刮片没有冻结在挡风玻璃上。",
        "llm_reference": "page_63"
    },
    {
        "question": "在行车过程中，如何确保儿童的安全？",
        "answer": "1) 由同乘大人负责儿童的安全；2) 不让儿童站在或跪坐在座椅上，也不得让儿童待在后备厢区域；3) 不将儿童单独留在车内，也不让儿童携带钥匙；4) 行车前启用儿童锁，防止儿童打开车门或意外操作电动车窗；5) 将儿童放置在安全座椅上，不允许将儿童抱在怀中；6) 禁止将儿童安全座椅安装到前排乘客座椅上；7) 身高低于140cm的乘客不得坐在前排乘客座椅上。",
        "reference": "page_123",
        "llm_answer": "确保儿童在行车过程中的安全，需要遵循以下几点：\n\n- 由同乘大人负责儿童的安全。\n- 不让儿童站在或跪坐在座椅上，也不得让儿童待在后备箱区域。\n- 不将儿童单独留在车内无人照看，不让孩子携带钥匙。\n- 行车前，启用儿童锁，以防儿童打开车门或意外操作电动车窗。\n- 将儿童放置在安全座椅上，不允许将儿童抱在怀中。\n- 禁止将儿童安全座椅安装到前排乘客座椅上。\n- 驾驶员需对其他乘员的操作（尤其是儿童的错误操作）负责，并指导其他乘员正确操作天窗。\n- 严禁儿童操作全景天窗。\n- 严禁将头、手等任何身体部位伸出天窗外。",
        "llm_reference": "page_123"
    },
    {
        "question": "如何判断车辆的车门锁止或解锁状态？",
        "answer": "您可以通过转向指示灯及外后视镜的状态来判断车门锁止或解锁状态。解锁状态时，转向指示灯会闪烁两次，外后视镜会展开；锁止状态时，转向指示灯会闪烁一次，外后视镜会折叠，同时驾驶员侧车门饰板上的中控锁按钮指示灯会亮起。",
        "reference": "page_39",
        "llm_answer": "您可以通过转向指示灯及外后视镜判断车门锁止/解锁状态。解锁时，转向指示灯闪烁两次，外后视镜展开。锁止时，转向指示灯闪烁一次，外后视镜折叠，同时驾驶员侧车门饰板中控锁按钮指示灯亮起。",
        "llm_reference": "page_39"
    }
]